Filename,Gender,Race/ethnicity,Age
00055.png,Woman,asian,29
00237.png,Woman,latino hispanic,42
00240.png,Man,white,29
00241.png,Man,asian,31
00242.png,Man,white,21
00243.png,Woman,white,28
00244.png,Woman,asian,34
00245.png,Man,asian,23
00246.png,Woman,white,36
00247.png,Man,white,29
00248.png,Man,latino hispanic,34
00249.png,Woman,white,33
00253.png,Woman,asian,34
00255.png,Man,white,33
00257.png,Man,white,40
00258.png,Man,white,40
00259.png,Man,white,32
00260.png,Woman,middle eastern,32
00261.png,Woman,white,32
00262.png,Man,asian,35
00263.png,Man,white,22
00264.png,Man,white,45
00265.png,Man,black,42
00266.png,Woman,white,30
00267.png,Man,middle eastern,25
00268.png,Man,white,25
00269.png,Man,latino hispanic,28
00270.png,Man,middle eastern,25
00271.png,Man,latino hispanic,29
00272.png,Man,white,33
00273.png,Man,white,36
00274.png,Man,latino hispanic,47
00275.png,Woman,asian,31
00276.png,Man,white,35
00277.png,Man,white,26
00278.png,Man,white,25
00279.png,Man,middle eastern,30
00280.png,Man,white,30
00281.png,Man,white,26
00282.png,Woman,white,43
00283.png,Woman,white,39
00284.png,Man,white,33
00285.png,Man,asian,29
00286.png,Man,asian,22
00287.png,Man,white,22
00288.png,Man,white,45
00289.png,Woman,white,35
00290.png,Woman,white,28
00291.png,unknown,unknown,-1
00292.png,Man,asian,31
00293.png,Woman,white,31
00294.png,unknown,unknown,-1
00295.png,Man,latino hispanic,29
00296.png,Man,asian,34
00297.png,Man,white,23
00298.png,Woman,white,35
00299.png,Woman,white,31
00333.png,Man,white,46
00350.png,Woman,white,27
00351.png,Man,black,33
00352.png,Woman,white,35
00353.png,Man,white,31
00354.png,Woman,latino hispanic,32
00355.png,Man,white,26
00356.png,Man,asian,23
00357.png,Man,asian,28
00358.png,Man,black,27
00359.png,unknown,unknown,-1
00360.png,Man,white,28
00361.png,Man,indian,27
00362.png,unknown,unknown,-1
00363.png,Man,white,32
00364.png,Woman,asian,21
00365.png,Woman,white,26
00366.png,unknown,unknown,-1
00367.png,Man,latino hispanic,29
00368.png,Woman,white,35
00369.png,unknown,unknown,-1
00370.png,Man,middle eastern,33
00371.png,Man,asian,25
00372.png,Woman,white,39
00373.png,Woman,white,31
00374.png,Woman,white,28
00379.png,Man,middle eastern,32
00400.png,Woman,latino hispanic,30
00401.png,Man,white,47
00402.png,Man,asian,28
00403.png,Woman,asian,30
00404.png,Man,white,33
00405.png,Woman,asian,29
00406.png,Man,white,24
00407.png,Woman,white,34
00408.png,Man,white,29
00409.png,Man,white,27
00410.png,Woman,white,33
00411.png,unknown,unknown,-1
00412.png,Man,white,27
00413.png,Man,latino hispanic,36
00414.png,Man,latino hispanic,29
00415.png,Man,white,36
00416.png,Man,latino hispanic,39
00417.png,Woman,asian,32
00418.png,Man,black,31
00419.png,Man,white,32
00420.png,Man,white,30
00421.png,Man,asian,31
00422.png,Man,white,29
00423.png,Man,white,32
00424.png,Man,white,23
00450.png,unknown,unknown,-1
